2014-03-03,EUR,JPY,25000.00,2014-06-03
2014-01-03,USD,CHF,4790000.00,2014-04-03
2014-01-03,EUR,GBP,9970000.00,2014-04-03
2014-02-14,EUR,CHF,833000.00,2014-08-14
2014-01-03,USD,JPY,50000.00,2014-04-03
2014-03-03,EUR,GBP,772000.00,2014-06-03
2014-02-14,USD,JPY,3020000.00,2014-08-14
2014-04-16,EUR,GBP,4710000.00,2014-10-16
2014-01-03,USD,CHF,564000.00,2014-04-03
2014-04-16,EUR,JPY,349000.00,2014-10-16
2014-02-14,EUR,JPY,5030000.00,2014-08-14
2014-03-03,USD,JPY,189000.00,2014-06-03
2014-04-16,USD,GBP,8100000.00,2014-10-16
2014-02-14,USD,GBP,6300000.00,2014-08-14
2014-02-14,EUR,CHF,6410000.00,2014-08-14
2014-01-03,USD,GBP,10000.00,2014-04-03
2014-02-14,USD,GBP,246000.00,2014-08-14
2014-02-14,EUR,JPY,312000.00,2014-08-14
2014-04-16,EUR,JPY,6470000.00,2014-10-16
2014-02-14,USD,JPY,165000.00,2014-08-14
2014-02-14,USD,JPY,187000.00,2014-08-14
2014-02-14,USD,CHF,1440000.00,2014-08-14
2014-02-14,USD,GBP,7050000.00,2014-08-14
2014-04-16,EUR,GBP,3900000.00,2014-10-16
2014-03-03,USD,GBP,4220000.00,2014-06-03
2014-04-16,USD,GBP,925000.00,2014-10-16
2014-01-03,EUR,GBP,1890000.00,2014-04-03
2014-03-03,USD,GBP,5740000.00,2014-06-03
2014-01-03,EUR,GBP,322000.00,2014-04-03
2014-02-14,USD,GBP,1580000.00,2014-08-14
2014-01-03,EUR,GBP,793000.00,2014-04-03
2014-02-14,EUR,JPY,8270000.00,2014-08-14
2014-01-03,USD,GBP,216000.00,2014-04-03
2014-03-03,USD,GBP,347000.00,2014-06-03
2014-02-14,EUR,CHF,6450000.00,2014-08-14
2014-03-03,EUR,JPY,7910000.00,2014-06-03
2014-03-03,EUR,CHF,5580000.00,2014-06-03
2014-03-03,USD,JPY,50000.00,2014-06-03
2014-03-03,USD,CHF,3780000.00,2014-06-03
2014-03-03,USD,GBP,357000.00,2014-06-03
2014-04-16,USD,CHF,9830000.00,2014-10-16
2014-03-03,USD,JPY,2260000.00,2014-06-03
2014-03-03,EUR,GBP,2160000.00,2014-06-03
2014-02-14,USD,JPY,6060000.00,2014-08-14
2014-01-03,USD,JPY,4720000.00,2014-04-03
2014-02-14,USD,JPY,8090000.00,2014-08-14
2014-03-03,USD,GBP,9650000.00,2014-06-03
2014-03-03,USD,CHF,437000.00,2014-06-03
2014-03-03,EUR,CHF,8840000.00,2014-06-03
2014-02-14,EUR,CHF,1410000.00,2014-08-14
2014-03-03,EUR,GBP,3050000.00,2014-06-03
2014-01-03,EUR,GBP,621000.00,2014-04-03
2014-01-03,USD,CHF,761000.00,2014-04-03
2014-04-16,EUR,JPY,130000.00,2014-10-16
2014-02-14,USD,GBP,4500000.00,2014-08-14
2014-04-16,EUR,JPY,984000.00,2014-10-16
2014-02-14,EUR,GBP,814000.00,2014-08-14
2014-01-03,EUR,GBP,757000.00,2014-04-03
2014-04-16,EUR,GBP,6250000.00,2014-10-16
2014-04-16,USD,GBP,302000.00,2014-10-16
2014-02-14,USD,CHF,550000.00,2014-08-14
2014-04-16,USD,JPY,1660000.00,2014-10-16
2014-02-14,EUR,JPY,8700000.00,2014-08-14
2014-02-14,EUR,GBP,5150000.00,2014-08-14
2014-04-16,USD,JPY,269000.00,2014-10-16
2014-01-03,EUR,JPY,995000.00,2014-04-03
2014-03-03,USD,CHF,661000.00,2014-06-03
2014-02-14,USD,CHF,735000.00,2014-08-14
2014-03-03,USD,GBP,2100000.00,2014-06-03
2014-03-03,EUR,GBP,516000.00,2014-06-03
2014-02-14,USD,CHF,670000.00,2014-08-14
2014-04-16,EUR,JPY,776000.00,2014-10-16
2014-01-03,EUR,CHF,877000.00,2014-04-03
2014-01-03,EUR,CHF,690000.00,2014-04-03
2014-04-16,USD,JPY,7960000.00,2014-10-16
2014-04-16,USD,CHF,941000.00,2014-10-16
2014-02-14,USD,JPY,468000.00,2014-08-14
2014-03-03,USD,JPY,673000.00,2014-06-03
2014-02-14,USD,GBP,6820000.00,2014-08-14
2014-01-03,EUR,GBP,626000.00,2014-04-03
2014-02-14,EUR,CHF,9120000.00,2014-08-14
2014-03-03,USD,CHF,5830000.00,2014-06-03
2014-04-16,USD,CHF,925000.00,2014-10-16
2014-04-16,USD,CHF,871000.00,2014-10-16
2014-04-16,EUR,GBP,392000.00,2014-10-16
2014-02-14,EUR,CHF,391000.00,2014-08-14
2014-04-16,EUR,JPY,7710000.00,2014-10-16
2014-04-16,EUR,CHF,434000.00,2014-10-16
2014-04-16,USD,GBP,506000.00,2014-10-16
2014-01-03,EUR,CHF,285000.00,2014-04-03
2014-01-03,USD,JPY,4000.00,2014-04-03
2014-02-14,EUR,CHF,347000.00,2014-08-14
2014-02-14,EUR,CHF,884000.00,2014-08-14
2014-01-03,USD,JPY,7580000.00,2014-04-03
2014-02-14,EUR,JPY,20000.00,2014-08-14
2014-01-03,EUR,JPY,6070000.00,2014-04-03
2014-01-03,USD,JPY,961000.00,2014-04-03
2014-02-14,USD,CHF,807000.00,2014-08-14
2014-01-03,EUR,CHF,229000.00,2014-04-03
2014-04-16,EUR,CHF,572000.00,2014-10-16
2014-01-03,USD,CHF,7110000.00,2014-04-03
2014-04-16,USD,GBP,2600000.00,2014-10-16
2014-03-03,EUR,CHF,633000.00,2014-06-03
2014-04-16,EUR,CHF,3640000.00,2014-10-16
2014-02-14,USD,GBP,343000.00,2014-08-14
2014-03-03,EUR,CHF,4730000.00,2014-06-03
2014-03-03,EUR,JPY,1370000.00,2014-06-03
2014-02-14,EUR,GBP,78000.00,2014-08-14
2014-04-16,EUR,CHF,8680000.00,2014-10-16
2014-03-03,USD,JPY,2630000.00,2014-06-03
2014-01-03,USD,GBP,2350000.00,2014-04-03
2014-02-14,USD,GBP,265000.00,2014-08-14
2014-04-16,USD,CHF,2020000.00,2014-10-16
2014-01-03,USD,CHF,6230000.00,2014-04-03
2014-02-14,USD,GBP,370000.00,2014-08-14
2014-01-03,EUR,CHF,490000.00,2014-04-03
2014-03-03,USD,GBP,16000.00,2014-06-03
2014-04-16,EUR,CHF,2170000.00,2014-10-16
2014-01-03,USD,JPY,979000.00,2014-04-03
2014-01-03,EUR,CHF,314000.00,2014-04-03
2014-02-14,EUR,GBP,146000.00,2014-08-14
2014-02-14,EUR,GBP,612000.00,2014-08-14
2014-01-03,EUR,CHF,697000.00,2014-04-03
2014-02-14,EUR,CHF,6420000.00,2014-08-14
2014-04-16,EUR,GBP,4660000.00,2014-10-16
2014-04-16,USD,CHF,229000.00,2014-10-16
2014-01-03,USD,CHF,680000.00,2014-04-03
2014-01-03,EUR,CHF,1390000.00,2014-04-03
2014-02-14,USD,CHF,5830000.00,2014-08-14
2014-04-16,EUR,GBP,5810000.00,2014-10-16
2014-03-03,EUR,JPY,6810000.00,2014-06-03
2014-01-03,EUR,JPY,2060000.00,2014-04-03
2014-02-14,EUR,CHF,375000.00,2014-08-14
2014-04-16,EUR,CHF,592000.00,2014-10-16
2014-01-03,EUR,GBP,702000.00,2014-04-03
2014-02-14,USD,CHF,4760000.00,2014-08-14
2014-04-16,USD,GBP,879000.00,2014-10-16
2014-02-14,EUR,GBP,6080000.00,2014-08-14
2014-02-14,USD,CHF,54000.00,2014-08-14
2014-01-03,EUR,GBP,8000.00,2014-04-03
2014-04-16,USD,GBP,8290000.00,2014-10-16
2014-04-16,EUR,CHF,3450000.00,2014-10-16
2014-04-16,USD,JPY,293000.00,2014-10-16
2014-03-03,EUR,JPY,7100000.00,2014-06-03
2014-01-03,EUR,GBP,70000.00,2014-04-03
2014-02-14,USD,GBP,8890000.00,2014-08-14
2014-02-14,USD,JPY,3540000.00,2014-08-14
2014-04-16,USD,GBP,307000.00,2014-10-16
2014-04-16,EUR,JPY,5750000.00,2014-10-16
2014-03-03,USD,CHF,22000.00,2014-06-03
2014-04-16,USD,JPY,8770000.00,2014-10-16
2014-04-16,EUR,GBP,5440000.00,2014-10-16
2014-02-14,USD,CHF,909000.00,2014-08-14
2014-01-03,EUR,CHF,921000.00,2014-04-03
2014-02-14,EUR,GBP,430000.00,2014-08-14
2014-03-03,USD,GBP,71000.00,2014-06-03
2014-04-16,USD,GBP,8350000.00,2014-10-16
2014-01-03,EUR,JPY,727000.00,2014-04-03
2014-01-03,USD,CHF,92000.00,2014-04-03
2014-01-03,EUR,GBP,134000.00,2014-04-03
2014-01-03,EUR,GBP,1680000.00,2014-04-03
2014-02-14,USD,CHF,197000.00,2014-08-14
2014-02-14,USD,JPY,404000.00,2014-08-14
2014-04-16,EUR,CHF,669000.00,2014-10-16
2014-02-14,USD,GBP,258000.00,2014-08-14
2014-03-03,EUR,GBP,6190000.00,2014-06-03
2014-03-03,EUR,CHF,6380000.00,2014-06-03
2014-03-03,EUR,GBP,465000.00,2014-06-03
2014-02-14,USD,JPY,897000.00,2014-08-14
2014-02-14,EUR,JPY,20000.00,2014-08-14
2014-02-14,USD,GBP,6160000.00,2014-08-14
2014-04-16,EUR,JPY,1040000.00,2014-10-16
2014-02-14,EUR,JPY,287000.00,2014-08-14
2014-04-16,USD,CHF,5160000.00,2014-10-16
2014-02-14,EUR,JPY,137000.00,2014-08-14
2014-04-16,EUR,CHF,5230000.00,2014-10-16
2014-03-03,USD,GBP,6110000.00,2014-06-03
2014-01-03,USD,JPY,7990000.00,2014-04-03
2014-03-03,EUR,GBP,1700000.00,2014-06-03
2014-01-03,EUR,CHF,7800000.00,2014-04-03
2014-02-14,USD,GBP,2180000.00,2014-08-14
2014-04-16,EUR,CHF,8280000.00,2014-10-16
2014-02-14,USD,CHF,1980000.00,2014-08-14
2014-03-03,USD,CHF,1920000.00,2014-06-03
2014-02-14,EUR,JPY,6320000.00,2014-08-14
2014-04-16,USD,GBP,4800000.00,2014-10-16
2014-03-03,USD,CHF,2760000.00,2014-06-03
2014-03-03,USD,CHF,4240000.00,2014-06-03
2014-04-16,USD,JPY,646000.00,2014-10-16
2014-02-14,EUR,CHF,339000.00,2014-08-14
2014-04-16,EUR,CHF,454000.00,2014-10-16
2014-04-16,EUR,CHF,2450000.00,2014-10-16
2014-04-16,USD,CHF,7480000.00,2014-10-16
2014-02-14,EUR,CHF,849000.00,2014-08-14
2014-03-03,USD,JPY,975000.00,2014-06-03
2014-02-14,USD,GBP,481000.00,2014-08-14
2014-02-14,USD,GBP,1870000.00,2014-08-14
2014-04-16,USD,GBP,6520000.00,2014-10-16
2014-03-03,USD,GBP,803000.00,2014-06-03
2014-02-14,USD,CHF,1990000.00,2014-08-14
2014-03-03,USD,JPY,394000.00,2014-06-03
2014-03-03,USD,JPY,737000.00,2014-06-03
2014-03-03,EUR,CHF,9390000.00,2014-06-03
2014-01-03,USD,GBP,273000.00,2014-04-03
2014-03-03,EUR,JPY,418000.00,2014-06-03
2014-04-16,EUR,JPY,7370000.00,2014-10-16
2014-03-03,USD,GBP,866000.00,2014-06-03
2014-02-14,EUR,CHF,9280000.00,2014-08-14
2014-03-03,EUR,GBP,932000.00,2014-06-03
2014-01-03,USD,JPY,980000.00,2014-04-03
2014-01-03,EUR,GBP,400000.00,2014-04-03
2014-02-14,USD,GBP,266000.00,2014-08-14
2014-01-03,EUR,CHF,6930000.00,2014-04-03
2014-04-16,USD,JPY,804000.00,2014-10-16
2014-03-03,USD,GBP,440000.00,2014-06-03
2014-03-03,USD,JPY,511000.00,2014-06-03
2014-01-03,EUR,GBP,627000.00,2014-04-03
2014-04-16,USD,CHF,3300000.00,2014-10-16
2014-01-03,USD,JPY,980000.00,2014-04-03
2014-03-03,EUR,GBP,8430000.00,2014-06-03
2014-03-03,EUR,GBP,117000.00,2014-06-03
2014-03-03,USD,GBP,2620000.00,2014-06-03
2014-04-16,EUR,JPY,2800000.00,2014-10-16
2014-01-03,EUR,CHF,9790000.00,2014-04-03
2014-01-03,EUR,CHF,995000.00,2014-04-03
2014-04-16,EUR,GBP,3160000.00,2014-10-16
2014-04-16,USD,JPY,5770000.00,2014-10-16
2014-02-14,EUR,CHF,619000.00,2014-08-14
2014-02-14,EUR,JPY,1420000.00,2014-08-14
2014-02-14,EUR,CHF,791000.00,2014-08-14
2014-03-03,EUR,CHF,479000.00,2014-06-03
2014-03-03,EUR,GBP,2500000.00,2014-06-03
2014-01-03,USD,JPY,9100000.00,2014-04-03
2014-04-16,EUR,JPY,1290000.00,2014-10-16
2014-01-03,USD,CHF,269000.00,2014-04-03
2014-02-14,EUR,GBP,7950000.00,2014-08-14
2014-01-03,USD,GBP,757000.00,2014-04-03
2014-02-14,USD,GBP,399000.00,2014-08-14
2014-02-14,USD,CHF,787000.00,2014-08-14
2014-04-16,EUR,JPY,6150000.00,2014-10-16
2014-03-03,EUR,CHF,9330000.00,2014-06-03
2014-01-03,USD,GBP,8770000.00,2014-04-03
2014-03-03,EUR,CHF,3690000.00,2014-06-03
2014-02-14,EUR,CHF,434000.00,2014-08-14
2014-04-16,EUR,JPY,239000.00,2014-10-16
2014-03-03,EUR,JPY,10000.00,2014-06-03
2014-02-14,EUR,GBP,80000.00,2014-08-14
2014-03-03,EUR,GBP,5230000.00,2014-06-03
2014-02-14,EUR,JPY,1800000.00,2014-08-14
2014-02-14,EUR,CHF,192000.00,2014-08-14
2014-01-03,EUR,CHF,181000.00,2014-04-03
2014-03-03,USD,GBP,489000.00,2014-06-03
2014-02-14,EUR,CHF,4450000.00,2014-08-14
2014-04-16,USD,GBP,222000.00,2014-10-16
2014-03-03,USD,JPY,379000.00,2014-06-03
2014-04-16,EUR,GBP,600000.00,2014-10-16
2014-01-03,USD,GBP,744000.00,2014-04-03
2014-03-03,EUR,JPY,331000.00,2014-06-03
2014-02-14,EUR,JPY,7790000.00,2014-08-14
2014-03-03,EUR,CHF,678000.00,2014-06-03
2014-04-16,EUR,CHF,8590000.00,2014-10-16
2014-02-14,EUR,CHF,2310000.00,2014-08-14
2014-04-16,USD,JPY,8690000.00,2014-10-16
2014-04-16,USD,GBP,3940000.00,2014-10-16
2014-01-03,USD,CHF,972000.00,2014-04-03
2014-02-14,USD,JPY,130000.00,2014-08-14
2014-02-14,USD,JPY,5380000.00,2014-08-14
2014-02-14,USD,JPY,366000.00,2014-08-14
2014-03-03,USD,JPY,2190000.00,2014-06-03
2014-04-16,USD,GBP,9970000.00,2014-10-16
2014-03-03,EUR,CHF,6780000.00,2014-06-03
2014-01-03,USD,GBP,152000.00,2014-04-03
2014-03-03,EUR,GBP,1480000.00,2014-06-03
2014-03-03,USD,CHF,293000.00,2014-06-03
2014-04-16,EUR,CHF,180000.00,2014-10-16
2014-03-03,USD,CHF,239000.00,2014-06-03
2014-03-03,USD,CHF,6790000.00,2014-06-03
2014-02-14,USD,CHF,132000.00,2014-08-14
2014-03-03,EUR,CHF,812000.00,2014-06-03
2014-01-03,EUR,CHF,5110000.00,2014-04-03
2014-02-14,USD,JPY,9690000.00,2014-08-14
2014-04-16,EUR,CHF,791000.00,2014-10-16
2014-04-16,USD,GBP,6370000.00,2014-10-16
2014-04-16,USD,JPY,1030000.00,2014-10-16
2014-03-03,EUR,GBP,759000.00,2014-06-03
2014-02-14,USD,GBP,634000.00,2014-08-14
2014-02-14,EUR,CHF,969000.00,2014-08-14
2014-03-03,USD,JPY,7920000.00,2014-06-03
2014-02-14,USD,GBP,5310000.00,2014-08-14
2014-02-14,EUR,GBP,4540000.00,2014-08-14
2014-03-03,USD,GBP,3410000.00,2014-06-03
2014-04-16,EUR,GBP,806000.00,2014-10-16
2014-04-16,EUR,CHF,5140000.00,2014-10-16
2014-03-03,EUR,CHF,965000.00,2014-06-03
2014-04-16,EUR,GBP,2580000.00,2014-10-16
2014-01-03,USD,GBP,3820000.00,2014-04-03
2014-01-03,USD,CHF,814000.00,2014-04-03
2014-01-03,USD,JPY,714000.00,2014-04-03
2014-04-16,USD,GBP,136000.00,2014-10-16
2014-02-14,USD,CHF,884000.00,2014-08-14
2014-02-14,EUR,GBP,728000.00,2014-08-14
2014-04-16,EUR,CHF,204000.00,2014-10-16
2014-01-03,USD,CHF,4790000.00,2014-04-03
2014-04-16,USD,JPY,777000.00,2014-10-16
2014-03-03,USD,GBP,699000.00,2014-06-03
2014-03-03,USD,CHF,817000.00,2014-06-03
2014-02-14,EUR,GBP,1640000.00,2014-08-14
2014-02-14,EUR,CHF,84000.00,2014-08-14
2014-01-03,USD,JPY,560000.00,2014-04-03
2014-02-14,EUR,GBP,685000.00,2014-08-14
2014-03-03,EUR,CHF,660000.00,2014-06-03
2014-01-03,EUR,JPY,667000.00,2014-04-03
2014-01-03,EUR,GBP,878000.00,2014-04-03
2014-04-16,EUR,JPY,293000.00,2014-10-16
2014-01-03,EUR,GBP,194000.00,2014-04-03
2014-01-03,EUR,CHF,205000.00,2014-04-03
2014-04-16,EUR,GBP,653000.00,2014-10-16
2014-04-16,EUR,GBP,4280000.00,2014-10-16
2014-04-16,USD,GBP,393000.00,2014-10-16
2014-01-03,EUR,CHF,1270000.00,2014-04-03
2014-04-16,EUR,CHF,3010000.00,2014-10-16
2014-03-03,USD,CHF,56000.00,2014-06-03
2014-04-16,USD,GBP,9530000.00,2014-10-16
2014-01-03,USD,JPY,51000.00,2014-04-03
2014-02-14,EUR,JPY,6690000.00,2014-08-14
2014-02-14,USD,GBP,145000.00,2014-08-14
2014-03-03,USD,CHF,4240000.00,2014-06-03
2014-03-03,USD,CHF,652000.00,2014-06-03
2014-03-03,USD,JPY,247000.00,2014-06-03
2014-04-16,USD,CHF,697000.00,2014-10-16
2014-01-03,EUR,CHF,8980000.00,2014-04-03
2014-01-03,USD,JPY,270000.00,2014-04-03
2014-02-14,USD,JPY,525000.00,2014-08-14
2014-04-16,USD,CHF,131000.00,2014-10-16
2014-02-14,USD,JPY,1610000.00,2014-08-14
2014-02-14,USD,JPY,550000.00,2014-08-14
2014-03-03,USD,JPY,2570000.00,2014-06-03
2014-02-14,USD,GBP,420000.00,2014-08-14
2014-04-16,USD,JPY,345000.00,2014-10-16
2014-03-03,EUR,CHF,2490000.00,2014-06-03
2014-03-03,EUR,GBP,1220000.00,2014-06-03
2014-04-16,USD,GBP,766000.00,2014-10-16
2014-01-03,EUR,CHF,576000.00,2014-04-03
2014-02-14,EUR,CHF,266000.00,2014-08-14
2014-03-03,EUR,GBP,714000.00,2014-06-03
2014-03-03,EUR,JPY,144000.00,2014-06-03
2014-01-03,USD,JPY,3280000.00,2014-04-03
2014-03-03,EUR,GBP,5490000.00,2014-06-03
2014-01-03,EUR,CHF,8580000.00,2014-04-03
2014-04-16,USD,CHF,789000.00,2014-10-16
2014-03-03,EUR,CHF,701000.00,2014-06-03
2014-01-03,EUR,GBP,9540000.00,2014-04-03
2014-02-14,USD,GBP,4000000.00,2014-08-14
2014-03-03,USD,GBP,285000.00,2014-06-03
2014-04-16,EUR,GBP,590000.00,2014-10-16
2014-02-14,EUR,GBP,432000.00,2014-08-14
2014-03-03,USD,GBP,9790000.00,2014-06-03
2014-01-03,EUR,JPY,369000.00,2014-04-03
2014-04-16,USD,JPY,7990000.00,2014-10-16
2014-02-14,EUR,JPY,2860000.00,2014-08-14
2014-04-16,USD,CHF,672000.00,2014-10-16
2014-01-03,USD,JPY,650000.00,2014-04-03
2014-02-14,USD,JPY,536000.00,2014-08-14
2014-01-03,USD,CHF,4590000.00,2014-04-03
2014-04-16,USD,JPY,282000.00,2014-10-16
2014-02-14,EUR,CHF,698000.00,2014-08-14
2014-03-03,EUR,CHF,8850000.00,2014-06-03
2014-01-03,USD,CHF,604000.00,2014-04-03
2014-02-14,USD,GBP,148000.00,2014-08-14
2014-03-03,USD,CHF,5730000.00,2014-06-03
2014-03-03,USD,GBP,4840000.00,2014-06-03
2014-04-16,USD,JPY,316000.00,2014-10-16
2014-01-03,EUR,JPY,7060000.00,2014-04-03
2014-01-03,USD,JPY,907000.00,2014-04-03
2014-02-14,USD,CHF,965000.00,2014-08-14
2014-04-16,EUR,JPY,400000.00,2014-10-16
2014-04-16,EUR,CHF,993000.00,2014-10-16
2014-03-03,USD,CHF,634000.00,2014-06-03
2014-03-03,USD,GBP,1010000.00,2014-06-03
2014-04-16,USD,CHF,83000.00,2014-10-16
2014-04-16,EUR,GBP,1180000.00,2014-10-16
2014-01-03,USD,CHF,6420000.00,2014-04-03
2014-04-16,EUR,CHF,7200000.00,2014-10-16
2014-01-03,EUR,GBP,7510000.00,2014-04-03
2014-02-14,EUR,CHF,7440000.00,2014-08-14
2014-02-14,USD,CHF,852000.00,2014-08-14
2014-03-03,EUR,GBP,608000.00,2014-06-03
2014-04-16,USD,JPY,283000.00,2014-10-16
2014-04-16,EUR,GBP,245000.00,2014-10-16
2014-01-03,EUR,GBP,1230000.00,2014-04-03
2014-01-03,USD,JPY,5490000.00,2014-04-03
2014-01-03,EUR,GBP,955000.00,2014-04-03
2014-03-03,USD,GBP,5800000.00,2014-06-03
2014-04-16,USD,GBP,4870000.00,2014-10-16
2014-03-03,EUR,JPY,8780000.00,2014-06-03
2014-01-03,USD,JPY,2080000.00,2014-04-03
2014-04-16,USD,CHF,2050000.00,2014-10-16
2014-03-03,EUR,JPY,987000.00,2014-06-03
2014-01-03,EUR,GBP,7790000.00,2014-04-03
2014-03-03,EUR,CHF,147000.00,2014-06-03
2014-04-16,EUR,CHF,371000.00,2014-10-16
2014-01-03,EUR,CHF,9690000.00,2014-04-03
2014-04-16,EUR,GBP,565000.00,2014-10-16
2014-02-14,EUR,JPY,455000.00,2014-08-14
2014-01-03,USD,CHF,75000.00,2014-04-03
2014-04-16,USD,CHF,7000.00,2014-10-16
2014-02-14,EUR,CHF,4940000.00,2014-08-14
2014-04-16,EUR,GBP,115000.00,2014-10-16
2014-03-03,USD,GBP,4820000.00,2014-06-03
2014-01-03,EUR,GBP,987000.00,2014-04-03
2014-03-03,USD,GBP,59000.00,2014-06-03
2014-02-14,USD,GBP,661000.00,2014-08-14
2014-02-14,USD,GBP,8480000.00,2014-08-14
2014-02-14,USD,CHF,5540000.00,2014-08-14
2014-04-16,EUR,JPY,5570000.00,2014-10-16
2014-03-03,EUR,GBP,564000.00,2014-06-03
2014-01-03,USD,CHF,6380000.00,2014-04-03
2014-03-03,USD,GBP,6000000.00,2014-06-03
2014-03-03,USD,JPY,33000.00,2014-06-03
2014-02-14,USD,JPY,121000.00,2014-08-14
2014-02-14,USD,GBP,5980000.00,2014-08-14
2014-04-16,USD,JPY,317000.00,2014-10-16
2014-01-03,EUR,CHF,618000.00,2014-04-03
2014-03-03,USD,JPY,690000.00,2014-06-03
2014-01-03,EUR,CHF,555000.00,2014-04-03
2014-04-16,USD,GBP,627000.00,2014-10-16
2014-02-14,EUR,JPY,485000.00,2014-08-14
2014-01-03,EUR,JPY,2340000.00,2014-04-03
2014-03-03,EUR,GBP,306000.00,2014-06-03
2014-02-14,USD,CHF,45000.00,2014-08-14
2014-03-03,EUR,GBP,5090000.00,2014-06-03
2014-03-03,USD,GBP,6420000.00,2014-06-03
2014-03-03,EUR,CHF,8710000.00,2014-06-03
2014-03-03,USD,JPY,66000.00,2014-06-03
2014-04-16,EUR,CHF,59000.00,2014-10-16
2014-04-16,EUR,JPY,807000.00,2014-10-16
2014-02-14,USD,CHF,6390000.00,2014-08-14
2014-04-16,EUR,CHF,70000.00,2014-10-16
2014-04-16,USD,JPY,5570000.00,2014-10-16
2014-01-03,EUR,CHF,964000.00,2014-04-03
2014-02-14,EUR,JPY,9700000.00,2014-08-14
2014-04-16,USD,GBP,9800000.00,2014-10-16
2014-01-03,USD,CHF,702000.00,2014-04-03
2014-04-16,EUR,CHF,849000.00,2014-10-16
2014-03-03,EUR,JPY,563000.00,2014-06-03
2014-03-03,USD,CHF,325000.00,2014-06-03
2014-02-14,USD,CHF,763000.00,2014-08-14
2014-02-14,EUR,CHF,9450000.00,2014-08-14
2014-04-16,USD,GBP,6070000.00,2014-10-16
2014-04-16,USD,CHF,231000.00,2014-10-16
2014-04-16,EUR,GBP,4980000.00,2014-10-16
2014-03-03,EUR,GBP,9340000.00,2014-06-03
2014-04-16,EUR,GBP,240000.00,2014-10-16
2014-03-03,EUR,GBP,578000.00,2014-06-03
2014-03-03,EUR,JPY,2420000.00,2014-06-03
2014-02-14,USD,GBP,544000.00,2014-08-14
2014-04-16,USD,CHF,184000.00,2014-10-16
2014-04-16,USD,CHF,541000.00,2014-10-16
2014-02-14,USD,GBP,4200000.00,2014-08-14
2014-04-16,USD,JPY,5680000.00,2014-10-16
2014-01-03,EUR,JPY,7790000.00,2014-04-03
2014-01-03,EUR,JPY,3300000.00,2014-04-03
2014-01-03,USD,CHF,7560000.00,2014-04-03
2014-01-03,EUR,GBP,190000.00,2014-04-03
2014-02-14,EUR,GBP,487000.00,2014-08-14
2014-04-16,EUR,JPY,520000.00,2014-10-16
2014-04-16,EUR,CHF,371000.00,2014-10-16
2014-04-16,USD,GBP,630000.00,2014-10-16
2014-03-03,EUR,JPY,976000.00,2014-06-03
2014-04-16,USD,CHF,3610000.00,2014-10-16
2014-01-03,USD,GBP,46000.00,2014-04-03
2014-02-14,USD,JPY,140000.00,2014-08-14
2014-04-16,USD,JPY,4980000.00,2014-10-16
2014-04-16,USD,CHF,6710000.00,2014-10-16
2014-03-03,EUR,JPY,829000.00,2014-06-03
2014-02-14,USD,JPY,6310000.00,2014-08-14
2014-01-03,EUR,CHF,5510000.00,2014-04-03
2014-02-14,USD,CHF,437000.00,2014-08-14
2014-02-14,USD,GBP,371000.00,2014-08-14
2014-02-14,EUR,CHF,373000.00,2014-08-14
2014-03-03,USD,GBP,929000.00,2014-06-03
2014-04-16,EUR,GBP,7120000.00,2014-10-16
2014-01-03,USD,GBP,583000.00,2014-04-03
2014-02-14,EUR,JPY,3590000.00,2014-08-14
2014-02-14,EUR,JPY,2150000.00,2014-08-14
2014-03-03,EUR,JPY,833000.00,2014-06-03
2014-03-03,EUR,GBP,9750000.00,2014-06-03
2014-01-03,USD,JPY,5100000.00,2014-04-03
2014-03-03,EUR,JPY,1660000.00,2014-06-03
2014-04-16,EUR,JPY,970000.00,2014-10-16
2014-01-03,USD,JPY,378000.00,2014-04-03
2014-03-03,EUR,GBP,1780000.00,2014-06-03
2014-01-03,USD,GBP,2270000.00,2014-04-03
2014-02-14,EUR,CHF,635000.00,2014-08-14
2014-03-03,EUR,GBP,618000.00,2014-06-03
2014-01-03,USD,CHF,8870000.00,2014-04-03
2014-01-03,EUR,CHF,7700000.00,2014-04-03
2014-03-03,EUR,CHF,6820000.00,2014-06-03
2014-02-14,USD,CHF,5030000.00,2014-08-14
2014-03-03,USD,GBP,481000.00,2014-06-03
2014-02-14,USD,CHF,7280000.00,2014-08-14
2014-03-03,USD,CHF,984000.00,2014-06-03
2014-01-03,USD,JPY,584000.00,2014-04-03
2014-03-03,USD,JPY,160000.00,2014-06-03
2014-03-03,EUR,GBP,92000.00,2014-06-03
2014-02-14,EUR,JPY,27000.00,2014-08-14
2014-01-03,USD,CHF,4320000.00,2014-04-03
2014-04-16,USD,CHF,4740000.00,2014-10-16
2014-04-16,USD,GBP,6370000.00,2014-10-16
2014-01-03,EUR,CHF,337000.00,2014-04-03
2014-03-03,EUR,JPY,2340000.00,2014-06-03
2014-02-14,USD,JPY,6880000.00,2014-08-14
2014-04-16,USD,JPY,8590000.00,2014-10-16
2014-02-14,EUR,JPY,839000.00,2014-08-14
2014-03-03,USD,JPY,225000.00,2014-06-03
2014-02-14,EUR,GBP,3430000.00,2014-08-14
2014-02-14,USD,JPY,781000.00,2014-08-14
2014-01-03,EUR,CHF,814000.00,2014-04-03
2014-03-03,EUR,CHF,670000.00,2014-06-03
2014-03-03,EUR,CHF,244000.00,2014-06-03
2014-04-16,EUR,GBP,230000.00,2014-10-16
2014-04-16,EUR,JPY,3540000.00,2014-10-16
2014-02-14,EUR,CHF,2460000.00,2014-08-14
2014-04-16,EUR,CHF,4020000.00,2014-10-16
2014-02-14,EUR,GBP,1230000.00,2014-08-14
2014-03-03,USD,CHF,369000.00,2014-06-03
2014-04-16,USD,CHF,758000.00,2014-10-16
2014-04-16,EUR,CHF,304000.00,2014-10-16
2014-03-03,EUR,JPY,8560000.00,2014-06-03
2014-01-03,USD,CHF,6560000.00,2014-04-03
2014-02-14,USD,GBP,1480000.00,2014-08-14
2014-01-03,USD,JPY,3120000.00,2014-04-03
2014-01-03,EUR,CHF,820000.00,2014-04-03
2014-02-14,USD,GBP,813000.00,2014-08-14
2014-03-03,USD,JPY,5340000.00,2014-06-03
2014-04-16,USD,JPY,603000.00,2014-10-16
2014-01-03,EUR,JPY,482000.00,2014-04-03
2014-01-03,EUR,JPY,1210000.00,2014-04-03
2014-04-16,USD,CHF,9850000.00,2014-10-16
2014-04-16,EUR,GBP,4110000.00,2014-10-16
2014-03-03,USD,GBP,6080000.00,2014-06-03
2014-02-14,USD,GBP,677000.00,2014-08-14
2014-01-03,USD,JPY,7030000.00,2014-04-03
2014-03-03,USD,CHF,3570000.00,2014-06-03
2014-02-14,USD,GBP,627000.00,2014-08-14
2014-01-03,USD,CHF,4490000.00,2014-04-03
2014-04-16,EUR,GBP,7110000.00,2014-10-16
2014-03-03,USD,JPY,8750000.00,2014-06-03
2014-01-03,USD,GBP,6170000.00,2014-04-03
2014-01-03,USD,GBP,1450000.00,2014-04-03
2014-02-14,EUR,CHF,590000.00,2014-08-14
2014-04-16,EUR,JPY,899000.00,2014-10-16
2014-03-03,EUR,GBP,2770000.00,2014-06-03
2014-01-03,EUR,GBP,1580000.00,2014-04-03
2014-02-14,USD,CHF,86000.00,2014-08-14
2014-01-03,USD,JPY,2700000.00,2014-04-03
2014-03-03,EUR,GBP,6330000.00,2014-06-03
2014-01-03,EUR,JPY,8750000.00,2014-04-03
2014-04-16,EUR,CHF,518000.00,2014-10-16
2014-04-16,EUR,GBP,1210000.00,2014-10-16
2014-04-16,EUR,JPY,370000.00,2014-10-16
2014-04-16,USD,GBP,724000.00,2014-10-16
2014-04-16,USD,CHF,925000.00,2014-10-16
2014-04-16,EUR,CHF,7320000.00,2014-10-16
2014-03-03,EUR,GBP,155000.00,2014-06-03
2014-02-14,EUR,CHF,199000.00,2014-08-14
2014-01-03,USD,JPY,408000.00,2014-04-03
2014-01-03,USD,GBP,970000.00,2014-04-03
2014-03-03,USD,JPY,6830000.00,2014-06-03
2014-03-03,USD,GBP,8720000.00,2014-06-03
2014-01-03,EUR,CHF,273000.00,2014-04-03
2014-04-16,USD,JPY,4710000.00,2014-10-16
2014-04-16,USD,CHF,9270000.00,2014-10-16
2014-01-03,USD,CHF,340000.00,2014-04-03
2014-04-16,USD,CHF,405000.00,2014-10-16
2014-04-16,USD,CHF,6760000.00,2014-10-16
2014-04-16,EUR,GBP,5500000.00,2014-10-16
2014-01-03,EUR,JPY,3910000.00,2014-04-03
2014-03-03,USD,JPY,6490000.00,2014-06-03
2014-04-16,EUR,CHF,335000.00,2014-10-16
2014-01-03,USD,JPY,2870000.00,2014-04-03
2014-03-03,EUR,GBP,9150000.00,2014-06-03
2014-01-03,EUR,GBP,89000.00,2014-04-03
2014-04-16,USD,JPY,5000000.00,2014-10-16
2014-03-03,USD,CHF,9520000.00,2014-06-03
2014-04-16,EUR,CHF,965000.00,2014-10-16
2014-01-03,EUR,GBP,921000.00,2014-04-03
2014-02-14,USD,CHF,885000.00,2014-08-14
2014-04-16,USD,GBP,7900000.00,2014-10-16
2014-02-14,USD,GBP,4160000.00,2014-08-14
2014-01-03,EUR,CHF,674000.00,2014-04-03
2014-01-03,EUR,JPY,833000.00,2014-04-03
2014-01-03,USD,JPY,6870000.00,2014-04-03
2014-04-16,USD,JPY,473000.00,2014-10-16
2014-04-16,EUR,GBP,216000.00,2014-10-16
2014-04-16,USD,JPY,297000.00,2014-10-16
2014-01-03,EUR,CHF,44000.00,2014-04-03
2014-01-03,EUR,CHF,7520000.00,2014-04-03
2014-02-14,USD,GBP,2290000.00,2014-08-14
2014-01-03,USD,JPY,8290000.00,2014-04-03
2014-02-14,USD,GBP,8850000.00,2014-08-14
2014-01-03,EUR,JPY,342000.00,2014-04-03
2014-02-14,USD,JPY,720000.00,2014-08-14
2014-01-03,EUR,GBP,4830000.00,2014-04-03
2014-04-16,USD,CHF,2250000.00,2014-10-16
2014-02-14,USD,JPY,5940000.00,2014-08-14
2014-04-16,USD,GBP,4980000.00,2014-10-16
2014-02-14,USD,JPY,6820000.00,2014-08-14
2014-03-03,EUR,JPY,984000.00,2014-06-03
2014-04-16,EUR,GBP,543000.00,2014-10-16
2014-04-16,EUR,JPY,440000.00,2014-10-16
2014-02-14,USD,GBP,934000.00,2014-08-14
2014-04-16,EUR,CHF,2720000.00,2014-10-16
2014-02-14,USD,GBP,4120000.00,2014-08-14
2014-04-16,USD,GBP,700000.00,2014-10-16
2014-01-03,USD,JPY,3100000.00,2014-04-03
2014-03-03,USD,CHF,3240000.00,2014-06-03
2014-01-03,USD,JPY,5820000.00,2014-04-03
2014-04-16,EUR,CHF,382000.00,2014-10-16
2014-03-03,USD,CHF,841000.00,2014-06-03
2014-04-16,USD,CHF,4650000.00,2014-10-16
2014-04-16,EUR,JPY,4010000.00,2014-10-16
2014-04-16,USD,GBP,350000.00,2014-10-16
2014-01-03,USD,JPY,2400000.00,2014-04-03
2014-03-03,USD,GBP,514000.00,2014-06-03
2014-03-03,USD,GBP,2170000.00,2014-06-03
2014-02-14,EUR,CHF,5260000.00,2014-08-14
2014-01-03,EUR,GBP,9980000.00,2014-04-03
2014-04-16,EUR,GBP,552000.00,2014-10-16
2014-01-03,EUR,JPY,6480000.00,2014-04-03
2014-04-16,USD,JPY,817000.00,2014-10-16
2014-03-03,USD,GBP,840000.00,2014-06-03
2014-02-14,USD,GBP,2090000.00,2014-08-14
2014-04-16,USD,CHF,1820000.00,2014-10-16
2014-02-14,USD,JPY,628000.00,2014-08-14
2014-03-03,EUR,JPY,886000.00,2014-06-03
2014-01-03,EUR,JPY,240000.00,2014-04-03
2014-04-16,EUR,JPY,658000.00,2014-10-16
2014-03-03,USD,CHF,185000.00,2014-06-03
2014-02-14,USD,JPY,5310000.00,2014-08-14
2014-02-14,EUR,JPY,4650000.00,2014-08-14
2014-03-03,USD,GBP,6510000.00,2014-06-03
2014-02-14,USD,CHF,7720000.00,2014-08-14
2014-03-03,USD,GBP,2130000.00,2014-06-03
2014-01-03,EUR,CHF,5180000.00,2014-04-03
2014-03-03,USD,JPY,4100000.00,2014-06-03
2014-03-03,USD,GBP,2040000.00,2014-06-03
2014-01-03,EUR,JPY,749000.00,2014-04-03
2014-03-03,EUR,GBP,341000.00,2014-06-03
2014-02-14,EUR,JPY,100000.00,2014-08-14
2014-02-14,EUR,CHF,767000.00,2014-08-14
2014-03-03,USD,GBP,8890000.00,2014-06-03
2014-03-03,USD,CHF,481000.00,2014-06-03
2014-03-03,EUR,CHF,615000.00,2014-06-03
2014-01-03,EUR,JPY,752000.00,2014-04-03
2014-04-16,EUR,GBP,338000.00,2014-10-16
2014-02-14,USD,GBP,461000.00,2014-08-14
2014-02-14,EUR,CHF,671000.00,2014-08-14
2014-01-03,EUR,GBP,1400000.00,2014-04-03
2014-02-14,USD,CHF,470000.00,2014-08-14
2014-04-16,USD,GBP,70000.00,2014-10-16
2014-02-14,EUR,CHF,801000.00,2014-08-14
2014-03-03,EUR,CHF,4940000.00,2014-06-03
2014-03-03,USD,GBP,587000.00,2014-06-03
2014-01-03,EUR,GBP,7230000.00,2014-04-03
2014-02-14,EUR,JPY,640000.00,2014-08-14
2014-02-14,USD,CHF,587000.00,2014-08-14
2014-04-16,EUR,CHF,3280000.00,2014-10-16
2014-01-03,USD,CHF,312000.00,2014-04-03
2014-02-14,USD,JPY,2410000.00,2014-08-14
2014-03-03,EUR,CHF,8000.00,2014-06-03
2014-01-03,EUR,GBP,6330000.00,2014-04-03
2014-03-03,USD,CHF,4650000.00,2014-06-03
2014-02-14,USD,CHF,478000.00,2014-08-14
2014-02-14,EUR,CHF,7280000.00,2014-08-14
2014-04-16,USD,GBP,423000.00,2014-10-16
2014-01-03,USD,JPY,5330000.00,2014-04-03
2014-04-16,EUR,CHF,350000.00,2014-10-16
2014-03-03,EUR,CHF,310000.00,2014-06-03
2014-04-16,USD,CHF,117000.00,2014-10-16
2014-01-03,USD,CHF,1460000.00,2014-04-03
2014-01-03,USD,CHF,1000.00,2014-04-03
2014-03-03,EUR,CHF,4160000.00,2014-06-03
2014-02-14,EUR,JPY,807000.00,2014-08-14
2014-04-16,USD,CHF,660000.00,2014-10-16
2014-03-03,USD,CHF,8020000.00,2014-06-03
2014-02-14,USD,CHF,477000.00,2014-08-14
2014-04-16,USD,GBP,432000.00,2014-10-16
2014-03-03,EUR,JPY,842000.00,2014-06-03
2014-03-03,USD,JPY,483000.00,2014-06-03
2014-02-14,USD,CHF,552000.00,2014-08-14
2014-04-16,USD,GBP,3750000.00,2014-10-16
2014-04-16,EUR,JPY,5650000.00,2014-10-16
2014-04-16,EUR,CHF,804000.00,2014-10-16
2014-03-03,USD,JPY,84000.00,2014-06-03
2014-03-03,EUR,GBP,60000.00,2014-06-03
2014-03-03,EUR,CHF,905000.00,2014-06-03
2014-01-03,USD,GBP,5720000.00,2014-04-03
2014-03-03,USD,CHF,1010000.00,2014-06-03
2014-02-14,EUR,CHF,70000.00,2014-08-14
2014-04-16,USD,CHF,760000.00,2014-10-16
2014-03-03,EUR,GBP,4200000.00,2014-06-03
2014-02-14,USD,CHF,17000.00,2014-08-14
2014-03-03,EUR,CHF,720000.00,2014-06-03
2014-01-03,USD,GBP,9810000.00,2014-04-03
2014-01-03,EUR,CHF,1720000.00,2014-04-03
2014-04-16,USD,CHF,300000.00,2014-10-16
2014-03-03,EUR,GBP,4940000.00,2014-06-03
2014-02-14,USD,CHF,127000.00,2014-08-14
2014-02-14,USD,GBP,4140000.00,2014-08-14
2014-04-16,EUR,JPY,327000.00,2014-10-16
2014-02-14,USD,JPY,489000.00,2014-08-14
2014-02-14,USD,GBP,2890000.00,2014-08-14
2014-03-03,EUR,JPY,9960000.00,2014-06-03
2014-01-03,EUR,CHF,583000.00,2014-04-03
2014-03-03,USD,GBP,8170000.00,2014-06-03
2014-03-03,EUR,JPY,916000.00,2014-06-03
2014-01-03,USD,JPY,618000.00,2014-04-03
2014-01-03,USD,CHF,399000.00,2014-04-03
2014-04-16,EUR,JPY,9870000.00,2014-10-16
2014-01-03,EUR,GBP,407000.00,2014-04-03
2014-01-03,USD,JPY,8730000.00,2014-04-03
2014-03-03,EUR,GBP,872000.00,2014-06-03
2014-02-14,EUR,JPY,900000.00,2014-08-14
2014-02-14,USD,GBP,2570000.00,2014-08-14
2014-03-03,USD,GBP,3520000.00,2014-06-03
2014-03-03,EUR,JPY,6920000.00,2014-06-03
2014-04-16,EUR,GBP,6960000.00,2014-10-16
2014-03-03,EUR,GBP,4390000.00,2014-06-03
2014-03-03,USD,JPY,2350000.00,2014-06-03
2014-04-16,EUR,CHF,135000.00,2014-10-16
2014-03-03,USD,GBP,228000.00,2014-06-03
2014-04-16,EUR,GBP,553000.00,2014-10-16
2014-04-16,USD,CHF,476000.00,2014-10-16
2014-04-16,USD,GBP,688000.00,2014-10-16
2014-04-16,EUR,GBP,8780000.00,2014-10-16
2014-02-14,USD,JPY,702000.00,2014-08-14
2014-02-14,EUR,JPY,8380000.00,2014-08-14
2014-04-16,EUR,GBP,7800000.00,2014-10-16
2014-02-14,EUR,CHF,4190000.00,2014-08-14
2014-01-03,EUR,JPY,867000.00,2014-04-03
2014-02-14,USD,JPY,627000.00,2014-08-14
2014-01-03,USD,GBP,987000.00,2014-04-03
2014-04-16,EUR,JPY,4300000.00,2014-10-16
2014-03-03,EUR,GBP,563000.00,2014-06-03
2014-03-03,USD,GBP,477000.00,2014-06-03
2014-03-03,USD,JPY,616000.00,2014-06-03
2014-01-03,EUR,GBP,145000.00,2014-04-03
2014-01-03,USD,GBP,5440000.00,2014-04-03
2014-01-03,EUR,GBP,101000.00,2014-04-03
2014-03-03,EUR,GBP,1700000.00,2014-06-03
2014-04-16,USD,JPY,5450000.00,2014-10-16
2014-02-14,EUR,GBP,799000.00,2014-08-14
2014-03-03,USD,CHF,145000.00,2014-06-03
2014-02-14,EUR,JPY,536000.00,2014-08-14
2014-03-03,USD,CHF,394000.00,2014-06-03
2014-03-03,USD,GBP,954000.00,2014-06-03
2014-02-14,EUR,JPY,1910000.00,2014-08-14
2014-04-16,USD,GBP,916000.00,2014-10-16
2014-04-16,EUR,GBP,770000.00,2014-10-16
2014-02-14,EUR,CHF,372000.00,2014-08-14
2014-04-16,USD,CHF,686000.00,2014-10-16
2014-02-14,EUR,JPY,636000.00,2014-08-14
2014-04-16,USD,JPY,3570000.00,2014-10-16
2014-01-03,USD,JPY,5410000.00,2014-04-03
2014-03-03,EUR,JPY,802000.00,2014-06-03
2014-03-03,EUR,CHF,9430000.00,2014-06-03
2014-01-03,USD,CHF,727000.00,2014-04-03
2014-03-03,EUR,CHF,389000.00,2014-06-03
2014-03-03,EUR,GBP,493000.00,2014-06-03
2014-03-03,EUR,GBP,8560000.00,2014-06-03
2014-04-16,USD,GBP,896000.00,2014-10-16
2014-04-16,USD,CHF,772000.00,2014-10-16
2014-02-14,EUR,CHF,360000.00,2014-08-14
2014-01-03,EUR,CHF,1290000.00,2014-04-03
2014-02-14,USD,CHF,89000.00,2014-08-14
2014-01-03,EUR,JPY,498000.00,2014-04-03
2014-01-03,USD,CHF,6210000.00,2014-04-03
2014-01-03,USD,JPY,533000.00,2014-04-03
2014-04-16,USD,CHF,4480000.00,2014-10-16
2014-04-16,USD,CHF,6930000.00,2014-10-16
2014-02-14,USD,GBP,5430000.00,2014-08-14
2014-03-03,USD,GBP,6390000.00,2014-06-03
2014-04-16,EUR,CHF,403000.00,2014-10-16
2014-02-14,EUR,CHF,5000000.00,2014-08-14
2014-02-14,USD,JPY,491000.00,2014-08-14
2014-02-14,USD,GBP,204000.00,2014-08-14
2014-01-03,EUR,GBP,8920000.00,2014-04-03
2014-02-14,USD,CHF,9560000.00,2014-08-14
2014-02-14,USD,JPY,535000.00,2014-08-14
2014-04-16,EUR,CHF,4540000.00,2014-10-16
2014-04-16,USD,CHF,603000.00,2014-10-16
2014-04-16,EUR,GBP,897000.00,2014-10-16
2014-01-03,EUR,CHF,819000.00,2014-04-03
2014-03-03,USD,GBP,873000.00,2014-06-03
2014-02-14,EUR,GBP,713000.00,2014-08-14
2014-04-16,EUR,GBP,7600000.00,2014-10-16
2014-03-03,USD,CHF,5500000.00,2014-06-03
2014-02-14,EUR,GBP,502000.00,2014-08-14
2014-03-03,EUR,CHF,5930000.00,2014-06-03
2014-04-16,USD,GBP,1860000.00,2014-10-16
2014-03-03,EUR,JPY,4170000.00,2014-06-03
2014-02-14,USD,JPY,3200000.00,2014-08-14
2014-04-16,EUR,JPY,170000.00,2014-10-16
2014-04-16,USD,JPY,562000.00,2014-10-16
2014-03-03,USD,CHF,2980000.00,2014-06-03
2014-04-16,EUR,JPY,424000.00,2014-10-16
2014-02-14,USD,GBP,699000.00,2014-08-14
2014-04-16,EUR,CHF,5500000.00,2014-10-16
2014-04-16,EUR,JPY,690000.00,2014-10-16
2014-02-14,EUR,GBP,80000.00,2014-08-14
2014-03-03,USD,GBP,6620000.00,2014-06-03
2014-02-14,USD,JPY,7640000.00,2014-08-14
2014-03-03,USD,JPY,926000.00,2014-06-03
2014-03-03,USD,JPY,404000.00,2014-06-03
2014-04-16,EUR,CHF,6530000.00,2014-10-16
2014-04-16,USD,JPY,8860000.00,2014-10-16
2014-02-14,EUR,JPY,9350000.00,2014-08-14
2014-02-14,EUR,JPY,556000.00,2014-08-14
2014-02-14,USD,CHF,11000.00,2014-08-14
2014-01-03,USD,CHF,7680000.00,2014-04-03
2014-02-14,EUR,CHF,975000.00,2014-08-14
2014-02-14,USD,CHF,804000.00,2014-08-14
2014-03-03,USD,GBP,2640000.00,2014-06-03
2014-04-16,EUR,JPY,848000.00,2014-10-16
2014-04-16,EUR,GBP,494000.00,2014-10-16
2014-04-16,USD,JPY,258000.00,2014-10-16
2014-03-03,USD,CHF,458000.00,2014-06-03
2014-02-14,EUR,JPY,208000.00,2014-08-14
2014-01-03,EUR,CHF,75000.00,2014-04-03
2014-03-03,USD,CHF,8670000.00,2014-06-03
2014-02-14,USD,JPY,3670000.00,2014-08-14
2014-02-14,EUR,CHF,7470000.00,2014-08-14
2014-04-16,USD,CHF,460000.00,2014-10-16
2014-04-16,USD,GBP,201000.00,2014-10-16
2014-04-16,USD,CHF,3860000.00,2014-10-16
2014-01-03,EUR,GBP,440000.00,2014-04-03
2014-01-03,USD,JPY,820000.00,2014-04-03
2014-03-03,EUR,JPY,244000.00,2014-06-03
2014-03-03,EUR,GBP,300000.00,2014-06-03
2014-02-14,EUR,CHF,15000.00,2014-08-14
2014-02-14,USD,JPY,677000.00,2014-08-14
2014-03-03,USD,JPY,8200000.00,2014-06-03
2014-04-16,USD,GBP,940000.00,2014-10-16
2014-01-03,USD,GBP,5910000.00,2014-04-03
2014-04-16,EUR,GBP,687000.00,2014-10-16
2014-01-03,EUR,CHF,454000.00,2014-04-03
2014-04-16,USD,JPY,6210000.00,2014-10-16
2014-02-14,EUR,CHF,199000.00,2014-08-14
2014-01-03,EUR,GBP,901000.00,2014-04-03
2014-04-16,EUR,CHF,4580000.00,2014-10-16
2014-03-03,EUR,JPY,7170000.00,2014-06-03
2014-02-14,USD,CHF,6960000.00,2014-08-14
2014-02-14,EUR,GBP,5500000.00,2014-08-14
2014-03-03,EUR,GBP,12000.00,2014-06-03
2014-01-03,EUR,CHF,40000.00,2014-04-03
2014-02-14,USD,GBP,9560000.00,2014-08-14
2014-04-16,EUR,GBP,980000.00,2014-10-16
2014-03-03,EUR,CHF,7030000.00,2014-06-03
2014-04-16,USD,CHF,5960000.00,2014-10-16
2014-02-14,EUR,JPY,800000.00,2014-08-14
2014-02-14,EUR,CHF,839000.00,2014-08-14
2014-02-14,USD,GBP,8120000.00,2014-08-14
2014-01-03,USD,CHF,5930000.00,2014-04-03
2014-02-14,USD,CHF,55000.00,2014-08-14
2014-03-03,USD,CHF,9820000.00,2014-06-03
2014-01-03,USD,CHF,952000.00,2014-04-03
2014-01-03,USD,CHF,123000.00,2014-04-03
2014-01-03,EUR,GBP,800000.00,2014-04-03
2014-03-03,EUR,GBP,731000.00,2014-06-03
2014-04-16,USD,CHF,3220000.00,2014-10-16
2014-02-14,USD,GBP,7660000.00,2014-08-14
2014-03-03,USD,CHF,205000.00,2014-06-03
2014-03-03,USD,CHF,7210000.00,2014-06-03
2014-04-16,USD,GBP,225000.00,2014-10-16
2014-02-14,EUR,GBP,666000.00,2014-08-14
2014-04-16,USD,CHF,5050000.00,2014-10-16
2014-01-03,USD,CHF,7300000.00,2014-04-03
2014-01-03,EUR,JPY,800000.00,2014-04-03
2014-04-16,USD,GBP,318000.00,2014-10-16
2014-04-16,USD,GBP,3540000.00,2014-10-16
2014-03-03,EUR,CHF,6950000.00,2014-06-03
2014-03-03,USD,CHF,644000.00,2014-06-03
2014-01-03,USD,JPY,9960000.00,2014-04-03
2014-02-14,USD,CHF,151000.00,2014-08-14
2014-03-03,USD,JPY,951000.00,2014-06-03
2014-02-14,EUR,JPY,107000.00,2014-08-14
2014-01-03,EUR,CHF,9480000.00,2014-04-03
2014-03-03,USD,JPY,429000.00,2014-06-03
2014-01-03,USD,GBP,441000.00,2014-04-03
2014-04-16,USD,CHF,6340000.00,2014-10-16
2014-03-03,EUR,GBP,973000.00,2014-06-03
2014-01-03,EUR,CHF,720000.00,2014-04-03
2014-02-14,EUR,JPY,3770000.00,2014-08-14
2014-03-03,USD,CHF,5150000.00,2014-06-03
2014-04-16,EUR,CHF,4180000.00,2014-10-16
2014-01-03,USD,GBP,247000.00,2014-04-03
2014-01-03,EUR,GBP,4820000.00,2014-04-03
2014-02-14,EUR,JPY,8680000.00,2014-08-14
2014-03-03,USD,GBP,471000.00,2014-06-03
2014-04-16,EUR,GBP,4300000.00,2014-10-16
2014-03-03,USD,JPY,7110000.00,2014-06-03
2014-01-03,USD,CHF,884000.00,2014-04-03
2014-03-03,USD,JPY,2680000.00,2014-06-03
2014-01-03,USD,JPY,83000.00,2014-04-03
2014-03-03,EUR,JPY,350000.00,2014-06-03
2014-02-14,USD,GBP,6430000.00,2014-08-14
2014-03-03,USD,GBP,428000.00,2014-06-03
2014-02-14,EUR,GBP,4290000.00,2014-08-14
2014-04-16,USD,GBP,9650000.00,2014-10-16
2014-02-14,EUR,GBP,6750000.00,2014-08-14
2014-02-14,EUR,CHF,360000.00,2014-08-14
2014-03-03,USD,JPY,771000.00,2014-06-03
2014-03-03,EUR,JPY,8880000.00,2014-06-03
2014-02-14,EUR,GBP,626000.00,2014-08-14
2014-01-03,USD,CHF,5210000.00,2014-04-03
2014-04-16,USD,GBP,6690000.00,2014-10-16
2014-04-16,EUR,CHF,188000.00,2014-10-16
2014-03-03,EUR,JPY,3050000.00,2014-06-03
2014-04-16,USD,GBP,2750000.00,2014-10-16
2014-04-16,EUR,JPY,1400000.00,2014-10-16
2014-01-03,USD,JPY,603000.00,2014-04-03
2014-03-03,EUR,CHF,877000.00,2014-06-03
2014-01-03,USD,GBP,855000.00,2014-04-03
2014-01-03,USD,JPY,488000.00,2014-04-03
2014-03-03,EUR,JPY,282000.00,2014-06-03
2014-03-03,EUR,CHF,2890000.00,2014-06-03
2014-02-14,EUR,CHF,339000.00,2014-08-14
2014-01-03,EUR,CHF,6930000.00,2014-04-03
2014-01-03,USD,GBP,698000.00,2014-04-03
2014-03-03,EUR,JPY,560000.00,2014-06-03
2014-04-16,EUR,GBP,154000.00,2014-10-16
2014-03-03,USD,CHF,6980000.00,2014-06-03
2014-03-03,USD,CHF,2070000.00,2014-06-03
2014-04-16,USD,CHF,390000.00,2014-10-16
2014-03-03,EUR,CHF,9780000.00,2014-06-03
2014-04-16,USD,GBP,546000.00,2014-10-16
2014-01-03,EUR,GBP,180000.00,2014-04-03
2014-04-16,EUR,CHF,5190000.00,2014-10-16
2014-01-03,USD,JPY,40000.00,2014-04-03
2014-03-03,EUR,GBP,2970000.00,2014-06-03
2014-03-03,USD,JPY,690000.00,2014-06-03
2014-02-14,USD,GBP,75000.00,2014-08-14
2014-03-03,EUR,GBP,2710000.00,2014-06-03
2014-02-14,USD,JPY,370000.00,2014-08-14
2014-02-14,EUR,JPY,4210000.00,2014-08-14
2014-03-03,USD,GBP,112000.00,2014-06-03
2014-01-03,EUR,GBP,702000.00,2014-04-03
2014-03-03,EUR,JPY,797000.00,2014-06-03
2014-03-03,USD,GBP,507000.00,2014-06-03
2014-01-03,EUR,CHF,710000.00,2014-04-03
2014-01-03,EUR,CHF,278000.00,2014-04-03
2014-01-03,EUR,GBP,96000.00,2014-04-03
2014-02-14,EUR,CHF,7430000.00,2014-08-14
2014-04-16,EUR,GBP,830000.00,2014-10-16
2014-04-16,USD,JPY,426000.00,2014-10-16
2014-01-03,EUR,GBP,6560000.00,2014-04-03
2014-03-03,EUR,GBP,2580000.00,2014-06-03
2014-02-14,USD,CHF,825000.00,2014-08-14
2014-02-14,USD,CHF,1680000.00,2014-08-14
2014-01-03,USD,GBP,1640000.00,2014-04-03
2014-04-16,USD,CHF,1430000.00,2014-10-16
2014-02-14,EUR,CHF,838000.00,2014-08-14
2014-04-16,USD,JPY,3280000.00,2014-10-16
2014-03-03,USD,CHF,2500000.00,2014-06-03
2014-01-03,USD,JPY,547000.00,2014-04-03
2014-02-14,USD,JPY,2600000.00,2014-08-14
2014-01-03,USD,JPY,555000.00,2014-04-03
2014-04-16,USD,CHF,5630000.00,2014-10-16
2014-01-03,USD,JPY,116000.00,2014-04-03
2014-03-03,USD,JPY,319000.00,2014-06-03
2014-02-14,EUR,GBP,399000.00,2014-08-14
2014-02-14,EUR,CHF,188000.00,2014-08-14
2014-04-16,USD,GBP,4770000.00,2014-10-16
2014-02-14,EUR,JPY,850000.00,2014-08-14
2014-03-03,EUR,JPY,5600000.00,2014-06-03
2014-03-03,EUR,CHF,530000.00,2014-06-03
2014-03-03,EUR,JPY,7190000.00,2014-06-03
2014-03-03,EUR,GBP,5480000.00,2014-06-03
2014-01-03,USD,GBP,884000.00,2014-04-03
2014-01-03,USD,JPY,6800000.00,2014-04-03
2014-01-03,EUR,JPY,289000.00,2014-04-03
2014-01-03,USD,JPY,669000.00,2014-04-03
2014-03-03,USD,CHF,646000.00,2014-06-03
2014-02-14,EUR,CHF,226000.00,2014-08-14
2014-03-03,EUR,GBP,4050000.00,2014-06-03
2014-04-16,USD,GBP,3010000.00,2014-10-16
2014-02-14,USD,JPY,930000.00,2014-08-14
2014-01-03,EUR,JPY,435000.00,2014-04-03
2014-04-16,USD,CHF,884000.00,2014-10-16
2014-04-16,EUR,JPY,271000.00,2014-10-16
2014-04-16,EUR,JPY,9360000.00,2014-10-16
2014-01-03,EUR,GBP,157000.00,2014-04-03
2014-03-03,USD,GBP,403000.00,2014-06-03
2014-04-16,EUR,CHF,7170000.00,2014-10-16
2014-01-03,USD,GBP,9430000.00,2014-04-03
2014-01-03,USD,CHF,1430000.00,2014-04-03
2014-01-03,EUR,JPY,7960000.00,2014-04-03
2014-02-14,EUR,JPY,1070000.00,2014-08-14
2014-03-03,USD,JPY,906000.00,2014-06-03
